<?xml version='1.0' encoding='utf-8'?>

<!DOCTYPE hibernate-configuration PUBLIC
      "-//Hibernate/Hibernate Configuration DTD 3.0//EN"
      "http://hibernate.sourceforge.net/hibernate-configuration-3.0.dtd" >
      
<hibernate-configuration>
  <session-factory>

    <property name="connection.driver_class">com.mysql.jdbc.Driver</property>
    <property name="connection.url">jdbc:mysql://localhost/cadastro_db</property>
    <property name="connection.username">adm</property>
    <property name="connection.password">adm</property>    
    <property name="dialect">org.hibernate.dialect.MySQLDialect</property>
    
<!-- 	Atualização do banco de dados automática Cuidado ao rodar em produção -->
	<property name="hibernate.hbm2ddl.auto">update</property>

    <!-- Formatação do SQL -->
    <property name="hibernate.format_sql">true</property>
    <property name="hibernate.show_sql">true</property>

	<!-- Sessão Local -->
	<property name="hibernate.current_session_context_class">org.hibernate.context.ThreadLocalSessionContext</property>


	<!-- Cache -->
	<property name="cache.provider_class">org.hibernate.cache.NoCacheProvider</property>
	<property name="hibernate.cache.region.factory_class">org.hibernate.cache.impl.NoCachingRegionFactory</property> 
	<property name="hibernate.cache.use_query_cache">false</property>
	<property name="hibernate.cache.use_second_level_cache">false</property>
	<property name="hibernate.cache.use_structured_entries">false</property>     
	<property name="hibernate.cache.generate_statistics">false</property>

    <!-- PROJETO -->
    <mapping class="model.Cadastro" />
   
  </session-factory>
</hibernate-configuration>